"HITId","HITTypeId","Title","Description","Keywords","Reward","CreationTime","MaxAssignments","RequesterAnnotation","AssignmentDurationInSeconds","AutoApprovalDelayInSeconds","Expiration","NumberOfSimilarHITs","LifetimeInSeconds","AssignmentId","WorkerId","AssignmentStatus","AcceptTime","SubmitTime","AutoApprovalTime","ApprovalTime","RejectionTime","RequesterFeedback","WorkTimeInSeconds","LifetimeApprovalRate","Last30DaysApprovalRate","Last7DaysApprovalRate","Input.example_idx","Input.task_txt","Input.program1_idx","Input.plan1_grid_path","Input.program2_idx","Input.plan2_grid_path","Answer.opa.1","Answer.opa.2","Answer.opa.3","Answer.oti.1","Answer.oti.2","Answer.oti.3","Answer.otl.1","Answer.otl.2","Answer.otl.3","Answer.ovi.1","Answer.ovi.2","Answer.ovi.3","Approve","Reject"
"32W3UF2EZOC22EWSKMVNIRE349OC48","3UMJP5XW5JYSCFJZKNHNNHQQ1FFUF1","Compare the quality of two sequences of steps to complete the plan in HouseHold Task and Recipe","Compare the quality of two sequences of steps to complete the plan that relates to household task and recipe","Informativeness, Text and Image, Planning, Task Completion","$0.10","Sun Jan 01 20:11:29 PST 2023","3","BatchId:4978433;OriginalHitTemplateId:928390905;","300","259200","Sun Jan 08 20:11:29 PST 2023","","","32AT8R96GM0KDDDWMHH7YKC4A6FUST","A2887NRBDUIYWW","Submitted","Sun Jan 01 20:11:38 PST 2023","Sun Jan 01 20:12:52 PST 2023","Wed Jan 04 20:12:52 PST 2023","","","","74","0% (0/0)","0% (0/0)","0% (0/0)","24","Task: How to Cook Dungeness Crab","47","https://mpp-ig.s3.us-west-1.amazonaws.com/exp/all_plan_grid/experiment_output/wikihow/u-plan/plan_grid_task_4_bridge.png","48","https://mpp-ig.s3.us-west-1.amazonaws.com/exp/all_plan_grid/experiment_output/wikihow/vgt-u-plan/plan_grid_task_4.png","false","false","true","false","true","false","true","false","false","false","false","true"
"32W3UF2EZOC22EWSKMVNIRE349OC48","3UMJP5XW5JYSCFJZKNHNNHQQ1FFUF1","Compare the quality of two sequences of steps to complete the plan in HouseHold Task and Recipe","Compare the quality of two sequences of steps to complete the plan that relates to household task and recipe","Informativeness, Text and Image, Planning, Task Completion","$0.10","Sun Jan 01 20:11:29 PST 2023","3","BatchId:4978433;OriginalHitTemplateId:928390905;","300","259200","Sun Jan 08 20:11:29 PST 2023","","","3TPWUS5F8ASHY0D5KV6813TJ9J6CWI","A2OOK4P3CARQ1Z","Submitted","Sun Jan 01 20:17:18 PST 2023","Sun Jan 01 20:20:42 PST 2023","Wed Jan 04 20:20:42 PST 2023","","","","204","0% (0/0)","0% (0/0)","0% (0/0)","24","Task: How to Cook Dungeness Crab","47","https://mpp-ig.s3.us-west-1.amazonaws.com/exp/all_plan_grid/experiment_output/wikihow/u-plan/plan_grid_task_4_bridge.png","48","https://mpp-ig.s3.us-west-1.amazonaws.com/exp/all_plan_grid/experiment_output/wikihow/vgt-u-plan/plan_grid_task_4.png","false","true","false","false","true","false","true","false","false","false","false","true"
"32W3UF2EZOC22EWSKMVNIRE349OC48","3UMJP5XW5JYSCFJZKNHNNHQQ1FFUF1","Compare the quality of two sequences of steps to complete the plan in HouseHold Task and Recipe","Compare the quality of two sequences of steps to complete the plan that relates to household task and recipe","Informativeness, Text and Image, Planning, Task Completion","$0.10","Sun Jan 01 20:11:29 PST 2023","3","BatchId:4978433;OriginalHitTemplateId:928390905;","300","259200","Sun Jan 08 20:11:29 PST 2023","","","39JEC7537VS4JBD0UL1CF1A52A4CV8","AN952XNJ921J5","Submitted","Sun Jan 01 20:17:17 PST 2023","Sun Jan 01 20:18:08 PST 2023","Wed Jan 04 20:18:08 PST 2023","","","","51","0% (0/0)","0% (0/0)","0% (0/0)","24","Task: How to Cook Dungeness Crab","47","https://mpp-ig.s3.us-west-1.amazonaws.com/exp/all_plan_grid/experiment_output/wikihow/u-plan/plan_grid_task_4_bridge.png","48","https://mpp-ig.s3.us-west-1.amazonaws.com/exp/all_plan_grid/experiment_output/wikihow/vgt-u-plan/plan_grid_task_4.png","true","false","false","false","true","false","true","false","false","false","false","true"
"33NKDW9FFX9T0GK24XXSF2B1X4SXC7","3UMJP5XW5JYSCFJZKNHNNHQQ1FFUF1","Compare the quality of two sequences of steps to complete the plan in HouseHold Task and Recipe","Compare the quality of two sequences of steps to complete the plan that relates to household task and recipe","Informativeness, Text and Image, Planning, Task Completion","$0.10","Sun Jan 01 20:11:29 PST 2023","3","BatchId:4978433;OriginalHitTemplateId:928390905;","300","259200","Sun Jan 08 20:11:29 PST 2023","","","3C5W7UE9CGH9WMUM7PW86IC2CZEXMC","A2OOK4P3CARQ1Z","Submitted","Sun Jan 01 20:11:37 PST 2023","Sun Jan 01 20:13:06 PST 2023","Wed Jan 04 20:13:06 PST 2023","","","","89","0% (0/0)","0% (0/0)","0% (0/0)","17","Task: How to Cook White Cabbage","33","https://mpp-ig.s3.us-west-1.amazonaws.com/exp/all_plan_grid/experiment_output/wikihow/u-plan/plan_grid_task_3_bridge.png","34","https://mpp-ig.s3.us-west-1.amazonaws.com/exp/all_plan_grid/experiment_output/wikihow/vgt-u-plan/plan_grid_task_3.png","false","false","true","false","false","true","true","false","false","false","true","false"
"33NKDW9FFX9T0GK24XXSF2B1X4SXC7","3UMJP5XW5JYSCFJZKNHNNHQQ1FFUF1","Compare the quality of two sequences of steps to complete the plan in HouseHold Task and Recipe","Compare the quality of two sequences of steps to complete the plan that relates to household task and recipe","Informativeness, Text and Image, Planning, Task Completion","$0.10","Sun Jan 01 20:11:29 PST 2023","3","BatchId:4978433;OriginalHitTemplateId:928390905;","300","259200","Sun Jan 08 20:11:29 PST 2023","","","3O6CYIULEESDKUU56MR8V9FPGJBUW8","A3JTU9NRPF2LPQ","Submitted","Sun Jan 01 20:11:39 PST 2023","Sun Jan 01 20:13:06 PST 2023","Wed Jan 04 20:13:06 PST 2023","","","","87","0% (0/0)","0% (0/0)","0% (0/0)","17","Task: How to Cook White Cabbage","33","https://mpp-ig.s3.us-west-1.amazonaws.com/exp/all_plan_grid/experiment_output/wikihow/u-plan/plan_grid_task_3_bridge.png","34","https://mpp-ig.s3.us-west-1.amazonaws.com/exp/all_plan_grid/experiment_output/wikihow/vgt-u-plan/plan_grid_task_3.png","false","false","true","false","false","true","false","false","true","false","false","true"
"33NKDW9FFX9T0GK24XXSF2B1X4SXC7","3UMJP5XW5JYSCFJZKNHNNHQQ1FFUF1","Compare the quality of two sequences of steps to complete the plan in HouseHold Task and Recipe","Compare the quality of two sequences of steps to complete the plan that relates to household task and recipe","Informativeness, Text and Image, Planning, Task Completion","$0.10","Sun Jan 01 20:11:29 PST 2023","3","BatchId:4978433;OriginalHitTemplateId:928390905;","300","259200","Sun Jan 08 20:11:29 PST 2023","","","33M4IA01QHS0T27ECXSPSH6CIMDXR0","AN952XNJ921J5","Submitted","Sun Jan 01 20:16:57 PST 2023","Sun Jan 01 20:17:57 PST 2023","Wed Jan 04 20:17:57 PST 2023","","","","60","0% (0/0)","0% (0/0)","0% (0/0)","17","Task: How to Cook White Cabbage","33","https://mpp-ig.s3.us-west-1.amazonaws.com/exp/all_plan_grid/experiment_output/wikihow/u-plan/plan_grid_task_3_bridge.png","34","https://mpp-ig.s3.us-west-1.amazonaws.com/exp/all_plan_grid/experiment_output/wikihow/vgt-u-plan/plan_grid_task_3.png","false","true","false","false","true","false","true","false","false","true","false","false"
"368IUKXGA5ZZBQ9A8FA8ZPXOZJ96P1","3UMJP5XW5JYSCFJZKNHNNHQQ1FFUF1","Compare the quality of two sequences of steps to complete the plan in HouseHold Task and Recipe","Compare the quality of two sequences of steps to complete the plan that relates to household task and recipe","Informativeness, Text and Image, Planning, Task Completion","$0.10","Sun Jan 01 20:11:29 PST 2023","3","BatchId:4978433;OriginalHitTemplateId:928390905;","300","259200","Sun Jan 08 20:11:29 PST 2023","","","3NPFYT4IZDV94CY0WMYDTDS5GD2XG4","A2OOK4P3CARQ1Z","Submitted","Sun Jan 01 20:11:36 PST 2023","Sun Jan 01 20:12:38 PST 2023","Wed Jan 04 20:12:38 PST 2023","","","","62","0% (0/0)","0% (0/0)","0% (0/0)","25","Task: How to Cook Dungeness Crab","49","https://mpp-ig.s3.us-west-1.amazonaws.com/exp/all_plan_grid/experiment_output/wikihow/u-plan/plan_grid_task_4_bridge.png","50","https://mpp-ig.s3.us-west-1.amazonaws.com/exp/all_plan_grid/experiment_output/wikihow/vgt-u-plan/plan_grid_task_4.png","false","true","false","false","true","false","false","false","true","true","false","false"
"368IUKXGA5ZZBQ9A8FA8ZPXOZJ96P1","3UMJP5XW5JYSCFJZKNHNNHQQ1FFUF1","Compare the quality of two sequences of steps to complete the plan in HouseHold Task and Recipe","Compare the quality of two sequences of steps to complete the plan that relates to household task and recipe","Informativeness, Text and Image, Planning, Task Completion","$0.10","Sun Jan 01 20:11:29 PST 2023","3","BatchId:4978433;OriginalHitTemplateId:928390905;","300","259200","Sun Jan 08 20:11:29 PST 2023","","","3Z4AIRP3C74C0X8XE3DAMQOZEOK1X9","A3CIBLIXO17836","Submitted","Sun Jan 01 20:16:57 PST 2023","Sun Jan 01 20:17:42 PST 2023","Wed Jan 04 20:17:42 PST 2023","","","","45","100% (23/23)","100% (1/1)","0% (0/0)","25","Task: How to Cook Dungeness Crab","49","https://mpp-ig.s3.us-west-1.amazonaws.com/exp/all_plan_grid/experiment_output/wikihow/u-plan/plan_grid_task_4_bridge.png","50","https://mpp-ig.s3.us-west-1.amazonaws.com/exp/all_plan_grid/experiment_output/wikihow/vgt-u-plan/plan_grid_task_4.png","false","true","false","false","true","false","false","true","false","false","true","false"
"368IUKXGA5ZZBQ9A8FA8ZPXOZJ96P1","3UMJP5XW5JYSCFJZKNHNNHQQ1FFUF1","Compare the quality of two sequences of steps to complete the plan in HouseHold Task and Recipe","Compare the quality of two sequences of steps to complete the plan that relates to household task and recipe","Informativeness, Text and Image, Planning, Task Completion","$0.10","Sun Jan 01 20:11:29 PST 2023","3","BatchId:4978433;OriginalHitTemplateId:928390905;","300","259200","Sun Jan 08 20:11:29 PST 2023","","","3A7Y0R2P2PFJVEO14SJGQQKL85JXJ8","A3JTU9NRPF2LPQ","Submitted","Sun Jan 01 20:11:37 PST 2023","Sun Jan 01 20:12:32 PST 2023","Wed Jan 04 20:12:32 PST 2023","","","","55","0% (0/0)","0% (0/0)","0% (0/0)","25","Task: How to Cook Dungeness Crab","49","https://mpp-ig.s3.us-west-1.amazonaws.com/exp/all_plan_grid/experiment_output/wikihow/u-plan/plan_grid_task_4_bridge.png","50","https://mpp-ig.s3.us-west-1.amazonaws.com/exp/all_plan_grid/experiment_output/wikihow/vgt-u-plan/plan_grid_task_4.png","false","true","false","false","true","false","false","true","false","false","true","false"
"375VSR8FVW0MBD90NCB81IQY55TZRC","3UMJP5XW5JYSCFJZKNHNNHQQ1FFUF1","Compare the quality of two sequences of steps to complete the plan in HouseHold Task and Recipe","Compare the quality of two sequences of steps to complete the plan that relates to household task and recipe","Informativeness, Text and Image, Planning, Task Completion","$0.10","Sun Jan 01 20:11:29 PST 2023","3","BatchId:4978433;OriginalHitTemplateId:928390905;","300","259200","Sun Jan 08 20:11:29 PST 2023","","","36PW28KO40NZOLUGFHGB92WV2CFAEX","AN952XNJ921J5","Submitted","Sun Jan 01 20:11:38 PST 2023","Sun Jan 01 20:12:39 PST 2023","Wed Jan 04 20:12:39 PST 2023","","","","61","0% (0/0)","0% (0/0)","0% (0/0)","22","Task: How to Cook Dungeness Crab","43","https://mpp-ig.s3.us-west-1.amazonaws.com/exp/all_plan_grid/experiment_output/wikihow/u-plan/plan_grid_task_4_bridge.png","44","https://mpp-ig.s3.us-west-1.amazonaws.com/exp/all_plan_grid/experiment_output/wikihow/vgt-u-plan/plan_grid_task_4.png","true","false","false","false","false","false","true","false","false","false","true","false"
"375VSR8FVW0MBD90NCB81IQY55TZRC","3UMJP5XW5JYSCFJZKNHNNHQQ1FFUF1","Compare the quality of two sequences of steps to complete the plan in HouseHold Task and Recipe","Compare the quality of two sequences of steps to complete the plan that relates to household task and recipe","Informativeness, Text and Image, Planning, Task Completion","$0.10","Sun Jan 01 20:11:29 PST 2023","3","BatchId:4978433;OriginalHitTemplateId:928390905;","300","259200","Sun Jan 08 20:11:29 PST 2023","","","3TXMY6UCAFFCE3HJ8M729EBXLIOCQD","APEB5ERGCYP6D","Submitted","Sun Jan 01 20:11:37 PST 2023","Sun Jan 01 20:14:04 PST 2023","Wed Jan 04 20:14:04 PST 2023","","","","147","100% (147/147)","0% (0/0)","0% (0/0)","22","Task: How to Cook Dungeness Crab","43","https://mpp-ig.s3.us-west-1.amazonaws.com/exp/all_plan_grid/experiment_output/wikihow/u-plan/plan_grid_task_4_bridge.png","44","https://mpp-ig.s3.us-west-1.amazonaws.com/exp/all_plan_grid/experiment_output/wikihow/vgt-u-plan/plan_grid_task_4.png","true","false","false","true","false","false","true","false","false","true","false","false"
"375VSR8FVW0MBD90NCB81IQY55TZRC","3UMJP5XW5JYSCFJZKNHNNHQQ1FFUF1","Compare the quality of two sequences of steps to complete the plan in HouseHold Task and Recipe","Compare the quality of two sequences of steps to complete the plan that relates to household task and recipe","Informativeness, Text and Image, Planning, Task Completion","$0.10","Sun Jan 01 20:11:29 PST 2023","3","BatchId:4978433;OriginalHitTemplateId:928390905;","300","259200","Sun Jan 08 20:11:29 PST 2023","","","3YDTZAI2WY7L2VKNUSB5PFR1LTH41Z","AZ737VU2O528H","Submitted","Sun Jan 01 20:23:07 PST 2023","Sun Jan 01 20:24:43 PST 2023","Wed Jan 04 20:24:43 PST 2023","","","","96","0% (0/0)","0% (0/0)","0% (0/0)","22","Task: How to Cook Dungeness Crab","43","https://mpp-ig.s3.us-west-1.amazonaws.com/exp/all_plan_grid/experiment_output/wikihow/u-plan/plan_grid_task_4_bridge.png","44","https://mpp-ig.s3.us-west-1.amazonaws.com/exp/all_plan_grid/experiment_output/wikihow/vgt-u-plan/plan_grid_task_4.png","true","false","false","true","false","false","false","true","false","false","true","false"
"37VUR2VJ6AGLAFZ9X4CLKT70SPEC1V","3UMJP5XW5JYSCFJZKNHNNHQQ1FFUF1","Compare the quality of two sequences of steps to complete the plan in HouseHold Task and Recipe","Compare the quality of two sequences of steps to complete the plan that relates to household task and recipe","Informativeness, Text and Image, Planning, Task Completion","$0.10","Sun Jan 01 20:11:28 PST 2023","3","BatchId:4978433;OriginalHitTemplateId:928390905;","300","259200","Sun Jan 08 20:11:28 PST 2023","","","3TXD01ZLD581BSBLWGLP0HWYWQD4UX","A3CIBLIXO17836","Submitted","Sun Jan 01 20:11:37 PST 2023","Sun Jan 01 20:12:21 PST 2023","Wed Jan 04 20:12:21 PST 2023","","","","44","100% (23/23)","100% (1/1)","0% (0/0)","1","Task: How to Muddle","1","https://mpp-ig.s3.us-west-1.amazonaws.com/exp/all_plan_grid/experiment_output/wikihow/u-plan/plan_grid_task_0_bridge.png","2","https://mpp-ig.s3.us-west-1.amazonaws.com/exp/all_plan_grid/experiment_output/wikihow/u-plan/plan_grid_task_0_bridge.png","false","true","false","false","true","false","false","true","false","false","true","false"
"37VUR2VJ6AGLAFZ9X4CLKT70SPEC1V","3UMJP5XW5JYSCFJZKNHNNHQQ1FFUF1","Compare the quality of two sequences of steps to complete the plan in HouseHold Task and Recipe","Compare the quality of two sequences of steps to complete the plan that relates to household task and recipe","Informativeness, Text and Image, Planning, Task Completion","$0.10","Sun Jan 01 20:11:28 PST 2023","3","BatchId:4978433;OriginalHitTemplateId:928390905;","300","259200","Sun Jan 08 20:11:28 PST 2023","","","3WMINLGALCUKRNA2JQAGJEWSH03AC5","A3RPU02JJC7SR3","Submitted","Sun Jan 01 20:17:18 PST 2023","Sun Jan 01 20:17:51 PST 2023","Wed Jan 04 20:17:51 PST 2023","","","","33","100% (3/3)","0% (0/0)","0% (0/0)","1","Task: How to Muddle","1","https://mpp-ig.s3.us-west-1.amazonaws.com/exp/all_plan_grid/experiment_output/wikihow/u-plan/plan_grid_task_0_bridge.png","2","https://mpp-ig.s3.us-west-1.amazonaws.com/exp/all_plan_grid/experiment_output/wikihow/u-plan/plan_grid_task_0_bridge.png","false","false","false","false","true","false","false","false","true","false","false","true"
"37VUR2VJ6AGLAFZ9X4CLKT70SPEC1V","3UMJP5XW5JYSCFJZKNHNNHQQ1FFUF1","Compare the quality of two sequences of steps to complete the plan in HouseHold Task and Recipe","Compare the quality of two sequences of steps to complete the plan that relates to household task and recipe","Informativeness, Text and Image, Planning, Task Completion","$0.10","Sun Jan 01 20:11:28 PST 2023","3","BatchId:4978433;OriginalHitTemplateId:928390905;","300","259200","Sun Jan 08 20:11:28 PST 2023","","","31Z0PCVWUL6JU2EFY9TMYXU64EW7TT","A7U36JXCG7X6W","Submitted","Sun Jan 01 20:16:57 PST 2023","Sun Jan 01 20:18:48 PST 2023","Wed Jan 04 20:18:48 PST 2023","","","","111","100% (17/17)","0% (0/0)","0% (0/0)","1","Task: How to Muddle","1","https://mpp-ig.s3.us-west-1.amazonaws.com/exp/all_plan_grid/experiment_output/wikihow/u-plan/plan_grid_task_0_bridge.png","2","https://mpp-ig.s3.us-west-1.amazonaws.com/exp/all_plan_grid/experiment_output/wikihow/u-plan/plan_grid_task_0_bridge.png","false","false","true","false","false","true","false","false","true","false","true","false"
"39AYGO6AFFBZ85XXS0XGV0STZ486N5","3UMJP5XW5JYSCFJZKNHNNHQQ1FFUF1","Compare the quality of two sequences of steps to complete the plan in HouseHold Task and Recipe","Compare the quality of two sequences of steps to complete the plan that relates to household task and recipe","Informativeness, Text and Image, Planning, Task Completion","$0.10","Sun Jan 01 20:11:28 PST 2023","3","BatchId:4978433;OriginalHitTemplateId:928390905;","300","259200","Sun Jan 08 20:11:28 PST 2023","","","33OOO72IVICP6J9BPQ1XEJMK5PNCTR","A1O7WVJLBKCX1A","Submitted","Sun Jan 01 20:11:38 PST 2023","Sun Jan 01 20:12:59 PST 2023","Wed Jan 04 20:12:59 PST 2023","","","","81","0% (0/0)","0% (0/0)","0% (0/0)","3","Task: How to Muddle","5","https://mpp-ig.s3.us-west-1.amazonaws.com/exp/all_plan_grid/experiment_output/wikihow/u-plan/plan_grid_task_0_bridge.png","6","https://mpp-ig.s3.us-west-1.amazonaws.com/exp/all_plan_grid/experiment_output/wikihow/vgt-u-plan/plan_grid_task_0.png","false","false","true","true","false","false","false","true","false","false","true","false"
"39AYGO6AFFBZ85XXS0XGV0STZ486N5","3UMJP5XW5JYSCFJZKNHNNHQQ1FFUF1","Compare the quality of two sequences of steps to complete the plan in HouseHold Task and Recipe","Compare the quality of two sequences of steps to complete the plan that relates to household task and recipe","Informativeness, Text and Image, Planning, Task Completion","$0.10","Sun Jan 01 20:11:28 PST 2023","3","BatchId:4978433;OriginalHitTemplateId:928390905;","300","259200","Sun Jan 08 20:11:28 PST 2023","","","3YDGXNSEO0L3DV48TDKK4PE9ZZL84L","A2OOK4P3CARQ1Z","Submitted","Sun Jan 01 20:16:47 PST 2023","Sun Jan 01 20:20:25 PST 2023","Wed Jan 04 20:20:25 PST 2023","","","","218","0% (0/0)","0% (0/0)","0% (0/0)","3","Task: How to Muddle","5","https://mpp-ig.s3.us-west-1.amazonaws.com/exp/all_plan_grid/experiment_output/wikihow/u-plan/plan_grid_task_0_bridge.png","6","https://mpp-ig.s3.us-west-1.amazonaws.com/exp/all_plan_grid/experiment_output/wikihow/vgt-u-plan/plan_grid_task_0.png","true","false","false","false","true","false","false","true","false","true","false","false"
"39AYGO6AFFBZ85XXS0XGV0STZ486N5","3UMJP5XW5JYSCFJZKNHNNHQQ1FFUF1","Compare the quality of two sequences of steps to complete the plan in HouseHold Task and Recipe","Compare the quality of two sequences of steps to complete the plan that relates to household task and recipe","Informativeness, Text and Image, Planning, Task Completion","$0.10","Sun Jan 01 20:11:28 PST 2023","3","BatchId:4978433;OriginalHitTemplateId:928390905;","300","259200","Sun Jan 08 20:11:28 PST 2023","","","3X4JMASXCN05G5KEDOHSJOEXQTQ0BW","A3CIBLIXO17836","Submitted","Sun Jan 01 20:11:39 PST 2023","Sun Jan 01 20:13:19 PST 2023","Wed Jan 04 20:13:19 PST 2023","","","","100","100% (23/23)","100% (1/1)","0% (0/0)","3","Task: How to Muddle","5","https://mpp-ig.s3.us-west-1.amazonaws.com/exp/all_plan_grid/experiment_output/wikihow/u-plan/plan_grid_task_0_bridge.png","6","https://mpp-ig.s3.us-west-1.amazonaws.com/exp/all_plan_grid/experiment_output/wikihow/vgt-u-plan/plan_grid_task_0.png","true","false","false","true","false","false","true","false","false","true","false","false"
"3D4BBDG7ZHNHKIDOK8Q48MMXQ9SC3N","3UMJP5XW5JYSCFJZKNHNNHQQ1FFUF1","Compare the quality of two sequences of steps to complete the plan in HouseHold Task and Recipe","Compare the quality of two sequences of steps to complete the plan that relates to household task and recipe","Informativeness, Text and Image, Planning, Task Completion","$0.10","Sun Jan 01 20:11:29 PST 2023","3","BatchId:4978433;OriginalHitTemplateId:928390905;","300","259200","Sun Jan 08 20:11:29 PST 2023","","","3YDGXNSEO0L3DV48TDKK4PE9ZZM84M","A1JUR7QCV4GS1","Submitted","Sun Jan 01 20:17:18 PST 2023","Sun Jan 01 20:17:50 PST 2023","Wed Jan 04 20:17:50 PST 2023","","","","32","100% (25/25)","0% (0/0)","0% (0/0)","18","Task: How to Cook White Cabbage","35","https://mpp-ig.s3.us-west-1.amazonaws.com/exp/all_plan_grid/experiment_output/wikihow/u-plan/plan_grid_task_3_bridge.png","36","https://mpp-ig.s3.us-west-1.amazonaws.com/exp/all_plan_grid/experiment_output/wikihow/vgt-u-plan/plan_grid_task_3.png","true","false","false","true","false","false","false","false","true","false","false","true"
"3D4BBDG7ZHNHKIDOK8Q48MMXQ9SC3N","3UMJP5XW5JYSCFJZKNHNNHQQ1FFUF1","Compare the quality of two sequences of steps to complete the plan in HouseHold Task and Recipe","Compare the quality of two sequences of steps to complete the plan that relates to household task and recipe","Informativeness, Text and Image, Planning, Task Completion","$0.10","Sun Jan 01 20:11:29 PST 2023","3","BatchId:4978433;OriginalHitTemplateId:928390905;","300","259200","Sun Jan 08 20:11:29 PST 2023","","","3ZR9AIQJUC0LV6Z5Y975BA8RG1904Q","A1SMWIBTQ2AESU","Submitted","Sun Jan 01 20:11:38 PST 2023","Sun Jan 01 20:14:04 PST 2023","Wed Jan 04 20:14:04 PST 2023","","","","146","0% (0/0)","0% (0/0)","0% (0/0)","18","Task: How to Cook White Cabbage","35","https://mpp-ig.s3.us-west-1.amazonaws.com/exp/all_plan_grid/experiment_output/wikihow/u-plan/plan_grid_task_3_bridge.png","36","https://mpp-ig.s3.us-west-1.amazonaws.com/exp/all_plan_grid/experiment_output/wikihow/vgt-u-plan/plan_grid_task_3.png","true","false","false","true","false","false","true","false","false","true","false","false"
"3D4BBDG7ZHNHKIDOK8Q48MMXQ9SC3N","3UMJP5XW5JYSCFJZKNHNNHQQ1FFUF1","Compare the quality of two sequences of steps to complete the plan in HouseHold Task and Recipe","Compare the quality of two sequences of steps to complete the plan that relates to household task and recipe","Informativeness, Text and Image, Planning, Task Completion","$0.10","Sun Jan 01 20:11:29 PST 2023","3","BatchId:4978433;OriginalHitTemplateId:928390905;","300","259200","Sun Jan 08 20:11:29 PST 2023","","","3GFK2QRXXA8WZF4Q5LJ0NXN9H2K5W3","AN952XNJ921J5","Submitted","Sun Jan 01 20:22:46 PST 2023","Sun Jan 01 20:24:36 PST 2023","Wed Jan 04 20:24:36 PST 2023","","","","110","0% (0/0)","0% (0/0)","0% (0/0)","18","Task: How to Cook White Cabbage","35","https://mpp-ig.s3.us-west-1.amazonaws.com/exp/all_plan_grid/experiment_output/wikihow/u-plan/plan_grid_task_3_bridge.png","36","https://mpp-ig.s3.us-west-1.amazonaws.com/exp/all_plan_grid/experiment_output/wikihow/vgt-u-plan/plan_grid_task_3.png","true","false","false","true","false","false","false","true","false","false","true","false"
"3DFYDSXB2WRORQWD9K3RIZPST6KUJQ","3UMJP5XW5JYSCFJZKNHNNHQQ1FFUF1","Compare the quality of two sequences of steps to complete the plan in HouseHold Task and Recipe","Compare the quality of two sequences of steps to complete the plan that relates to household task and recipe","Informativeness, Text and Image, Planning, Task Completion","$0.10","Sun Jan 01 20:11:28 PST 2023","3","BatchId:4978433;OriginalHitTemplateId:928390905;","300","259200","Sun Jan 08 20:11:28 PST 2023","","","3TVRFO09GL6PQ4C17DVT65XDCUOXLA","A1O7WVJLBKCX1A","Submitted","Sun Jan 01 20:16:57 PST 2023","Sun Jan 01 20:17:47 PST 2023","Wed Jan 04 20:17:47 PST 2023","","","","50","0% (0/0)","0% (0/0)","0% (0/0)","7","Task: How to Get Kids to Eat Healthy","13","https://mpp-ig.s3.us-west-1.amazonaws.com/exp/all_plan_grid/experiment_output/wikihow/u-plan/plan_grid_task_1_bridge.png","14","https://mpp-ig.s3.us-west-1.amazonaws.com/exp/all_plan_grid/experiment_output/wikihow/vgt-u-plan/plan_grid_task_1.png","false","false","true","true","false","false","false","true","false","false","true","false"
"3DFYDSXB2WRORQWD9K3RIZPST6KUJQ","3UMJP5XW5JYSCFJZKNHNNHQQ1FFUF1","Compare the quality of two sequences of steps to complete the plan in HouseHold Task and Recipe","Compare the quality of two sequences of steps to complete the plan that relates to household task and recipe","Informativeness, Text and Image, Planning, Task Completion","$0.10","Sun Jan 01 20:11:28 PST 2023","3","BatchId:4978433;OriginalHitTemplateId:928390905;","300","259200","Sun Jan 08 20:11:28 PST 2023","","","3OCHAWUVGPBE6YUJMDJSR5KYNUJXK7","A3NXUVWHYHDHHZ","Submitted","Sun Jan 01 20:27:23 PST 2023","Sun Jan 01 20:30:36 PST 2023","Wed Jan 04 20:30:36 PST 2023","","","","193","0% (0/0)","0% (0/0)","0% (0/0)","7","Task: How to Get Kids to Eat Healthy","13","https://mpp-ig.s3.us-west-1.amazonaws.com/exp/all_plan_grid/experiment_output/wikihow/u-plan/plan_grid_task_1_bridge.png","14","https://mpp-ig.s3.us-west-1.amazonaws.com/exp/all_plan_grid/experiment_output/wikihow/vgt-u-plan/plan_grid_task_1.png","false","false","true","false","false","false","false","true","false","true","false","false"
"3DFYDSXB2WRORQWD9K3RIZPST6KUJQ","3UMJP5XW5JYSCFJZKNHNNHQQ1FFUF1","Compare the quality of two sequences of steps to complete the plan in HouseHold Task and Recipe","Compare the quality of two sequences of steps to complete the plan that relates to household task and recipe","Informativeness, Text and Image, Planning, Task Completion","$0.10","Sun Jan 01 20:11:28 PST 2023","3","BatchId:4978433;OriginalHitTemplateId:928390905;","300","259200","Sun Jan 08 20:11:28 PST 2023","","","37UQDCYH6YMY7UI434T1ZFIR1ZC7V9","A7U36JXCG7X6W","Submitted","Sun Jan 01 20:11:37 PST 2023","Sun Jan 01 20:12:23 PST 2023","Wed Jan 04 20:12:23 PST 2023","","","","46","100% (17/17)","0% (0/0)","0% (0/0)","7","Task: How to Get Kids to Eat Healthy","13","https://mpp-ig.s3.us-west-1.amazonaws.com/exp/all_plan_grid/experiment_output/wikihow/u-plan/plan_grid_task_1_bridge.png","14","https://mpp-ig.s3.us-west-1.amazonaws.com/exp/all_plan_grid/experiment_output/wikihow/vgt-u-plan/plan_grid_task_1.png","false","false","true","false","true","false","false","false","true","false","true","false"
"3E24UO25QZHHQQX9TFXTAPSYPED6OK","3UMJP5XW5JYSCFJZKNHNNHQQ1FFUF1","Compare the quality of two sequences of steps to complete the plan in HouseHold Task and Recipe","Compare the quality of two sequences of steps to complete the plan that relates to household task and recipe","Informativeness, Text and Image, Planning, Task Completion","$0.10","Sun Jan 01 20:11:28 PST 2023","3","BatchId:4978433;OriginalHitTemplateId:928390905;","300","259200","Sun Jan 08 20:11:28 PST 2023","","","3Y54SXRO1MCLSDQBBHMX8P8QCPTUTI","A36F14KAFYEA8P","Submitted","Sun Jan 01 20:11:38 PST 2023","Sun Jan 01 20:15:45 PST 2023","Wed Jan 04 20:15:45 PST 2023","","","","247","0% (0/0)","0% (0/0)","0% (0/0)","13","Task: How to Substitute for Mustard Seed","25","https://mpp-ig.s3.us-west-1.amazonaws.com/exp/all_plan_grid/experiment_output/wikihow/u-plan/plan_grid_task_2_bridge.png","26","https://mpp-ig.s3.us-west-1.amazonaws.com/exp/all_plan_grid/experiment_output/wikihow/vgt-u-plan/plan_grid_task_2.png","false","true","false","false","true","false","false","false","true","true","false","false"
"3E24UO25QZHHQQX9TFXTAPSYPED6OK","3UMJP5XW5JYSCFJZKNHNNHQQ1FFUF1","Compare the quality of two sequences of steps to complete the plan in HouseHold Task and Recipe","Compare the quality of two sequences of steps to complete the plan that relates to household task and recipe","Informativeness, Text and Image, Planning, Task Completion","$0.10","Sun Jan 01 20:11:28 PST 2023","3","BatchId:4978433;OriginalHitTemplateId:928390905;","300","259200","Sun Jan 08 20:11:28 PST 2023","","","3XXU1SWE8NM0XVFM7AHWODUR8B50A1","A7H6BHL9P4QJ7","Submitted","Sun Jan 01 20:11:39 PST 2023","Sun Jan 01 20:13:07 PST 2023","Wed Jan 04 20:13:07 PST 2023","","","","88","0% (0/0)","0% (0/0)","0% (0/0)","13","Task: How to Substitute for Mustard Seed","25","https://mpp-ig.s3.us-west-1.amazonaws.com/exp/all_plan_grid/experiment_output/wikihow/u-plan/plan_grid_task_2_bridge.png","26","https://mpp-ig.s3.us-west-1.amazonaws.com/exp/all_plan_grid/experiment_output/wikihow/vgt-u-plan/plan_grid_task_2.png","true","false","false","true","false","false","false","true","false","true","false","false"
"3E24UO25QZHHQQX9TFXTAPSYPED6OK","3UMJP5XW5JYSCFJZKNHNNHQQ1FFUF1","Compare the quality of two sequences of steps to complete the plan in HouseHold Task and Recipe","Compare the quality of two sequences of steps to complete the plan that relates to household task and recipe","Informativeness, Text and Image, Planning, Task Completion","$0.10","Sun Jan 01 20:11:28 PST 2023","3","BatchId:4978433;OriginalHitTemplateId:928390905;","300","259200","Sun Jan 08 20:11:28 PST 2023","","","340UGXU9DZS055U0GCMC97WB9A9UVY","APEB5ERGCYP6D","Submitted","Sun Jan 01 20:11:38 PST 2023","Sun Jan 01 20:14:33 PST 2023","Wed Jan 04 20:14:33 PST 2023","","","","175","100% (147/147)","0% (0/0)","0% (0/0)","13","Task: How to Substitute for Mustard Seed","25","https://mpp-ig.s3.us-west-1.amazonaws.com/exp/all_plan_grid/experiment_output/wikihow/u-plan/plan_grid_task_2_bridge.png","26","https://mpp-ig.s3.us-west-1.amazonaws.com/exp/all_plan_grid/experiment_output/wikihow/vgt-u-plan/plan_grid_task_2.png","true","false","false","true","false","false","true","false","false","true","false","false"
"3F6045TU7DF11MV1PXHNX9OBKGZ99K","3UMJP5XW5JYSCFJZKNHNNHQQ1FFUF1","Compare the quality of two sequences of steps to complete the plan in HouseHold Task and Recipe","Compare the quality of two sequences of steps to complete the plan that relates to household task and recipe","Informativeness, Text and Image, Planning, Task Completion","$0.10","Sun Jan 01 20:11:28 PST 2023","3","BatchId:4978433;OriginalHitTemplateId:928390905;","300","259200","Sun Jan 08 20:11:28 PST 2023","","","3K2755HG5TUPS6XOU2RJHLP1ZGRFDM","A1O7WVJLBKCX1A","Submitted","Sun Jan 01 20:11:39 PST 2023","Sun Jan 01 20:13:33 PST 2023","Wed Jan 04 20:13:33 PST 2023","","","","114","0% (0/0)","0% (0/0)","0% (0/0)","4","Task: How to Muddle","7","https://mpp-ig.s3.us-west-1.amazonaws.com/exp/all_plan_grid/experiment_output/wikihow/u-plan/plan_grid_task_0_bridge.png","8","https://mpp-ig.s3.us-west-1.amazonaws.com/exp/all_plan_grid/experiment_output/wikihow/vgt-u-plan/plan_grid_task_0.png","false","false","true","true","false","false","false","true","false","false","true","false"
"3F6045TU7DF11MV1PXHNX9OBKGZ99K","3UMJP5XW5JYSCFJZKNHNNHQQ1FFUF1","Compare the quality of two sequences of steps to complete the plan in HouseHold Task and Recipe","Compare the quality of two sequences of steps to complete the plan that relates to household task and recipe","Informativeness, Text and Image, Planning, Task Completion","$0.10","Sun Jan 01 20:11:28 PST 2023","3","BatchId:4978433;OriginalHitTemplateId:928390905;","300","259200","Sun Jan 08 20:11:28 PST 2023","","","3K4J6M3CXFKX8ZQ7LC6Z95H7FSUAGE","A1V42Q8W2US45S","Submitted","Sun Jan 01 20:11:39 PST 2023","Sun Jan 01 20:12:41 PST 2023","Wed Jan 04 20:12:41 PST 2023","","","","62","0% (0/0)","0% (0/0)","0% (0/0)","4","Task: How to Muddle","7","https://mpp-ig.s3.us-west-1.amazonaws.com/exp/all_plan_grid/experiment_output/wikihow/u-plan/plan_grid_task_0_bridge.png","8","https://mpp-ig.s3.us-west-1.amazonaws.com/exp/all_plan_grid/experiment_output/wikihow/vgt-u-plan/plan_grid_task_0.png","false","false","true","false","true","false","false","true","false","false","false","true"
"3F6045TU7DF11MV1PXHNX9OBKGZ99K","3UMJP5XW5JYSCFJZKNHNNHQQ1FFUF1","Compare the quality of two sequences of steps to complete the plan in HouseHold Task and Recipe","Compare the quality of two sequences of steps to complete the plan that relates to household task and recipe","Informativeness, Text and Image, Planning, Task Completion","$0.10","Sun Jan 01 20:11:28 PST 2023","3","BatchId:4978433;OriginalHitTemplateId:928390905;","300","259200","Sun Jan 08 20:11:28 PST 2023","","","3W92K5RLWV8JKQ4LFBE41V4VATI5VT","A29ZQXKPXW9E38","Submitted","Sun Jan 01 20:17:18 PST 2023","Sun Jan 01 20:18:45 PST 2023","Wed Jan 04 20:18:45 PST 2023","","","","87","0% (0/0)","0% (0/0)","0% (0/0)","4","Task: How to Muddle","7","https://mpp-ig.s3.us-west-1.amazonaws.com/exp/all_plan_grid/experiment_output/wikihow/u-plan/plan_grid_task_0_bridge.png","8","https://mpp-ig.s3.us-west-1.amazonaws.com/exp/all_plan_grid/experiment_output/wikihow/vgt-u-plan/plan_grid_task_0.png","true","false","false","true","false","false","false","true","false","false","true","false"
"3FW4EL5A3LFF1IP3JFNTDZ8J84F22T","3UMJP5XW5JYSCFJZKNHNNHQQ1FFUF1","Compare the quality of two sequences of steps to complete the plan in HouseHold Task and Recipe","Compare the quality of two sequences of steps to complete the plan that relates to household task and recipe","Informativeness, Text and Image, Planning, Task Completion","$0.10","Sun Jan 01 20:11:28 PST 2023","3","BatchId:4978433;OriginalHitTemplateId:928390905;","300","259200","Sun Jan 08 20:11:28 PST 2023","","","388U7OUMF8SSWC139L3IJ3J18FU0RA","A1O7WVJLBKCX1A","Submitted","Sun Jan 01 20:17:17 PST 2023","Sun Jan 01 20:18:01 PST 2023","Wed Jan 04 20:18:01 PST 2023","","","","44","0% (0/0)","0% (0/0)","0% (0/0)","6","Task: How to Get Kids to Eat Healthy","11","https://mpp-ig.s3.us-west-1.amazonaws.com/exp/all_plan_grid/experiment_output/wikihow/u-plan/plan_grid_task_1_bridge.png","12","https://mpp-ig.s3.us-west-1.amazonaws.com/exp/all_plan_grid/experiment_output/wikihow/u-plan/plan_grid_task_1_bridge.png","false","false","true","true","false","false","false","true","false","false","true","false"
"3FW4EL5A3LFF1IP3JFNTDZ8J84F22T","3UMJP5XW5JYSCFJZKNHNNHQQ1FFUF1","Compare the quality of two sequences of steps to complete the plan in HouseHold Task and Recipe","Compare the quality of two sequences of steps to complete the plan that relates to household task and recipe","Informativeness, Text and Image, Planning, Task Completion","$0.10","Sun Jan 01 20:11:28 PST 2023","3","BatchId:4978433;OriginalHitTemplateId:928390905;","300","259200","Sun Jan 08 20:11:28 PST 2023","","","35K3O9HUAC4UKCBOQX23N37MZSTFEG","A3CFL2SZGWZL79","Submitted","Sun Jan 01 20:17:28 PST 2023","Sun Jan 01 20:18:26 PST 2023","Wed Jan 04 20:18:26 PST 2023","","","","58","0% (0/0)","0% (0/0)","0% (0/0)","6","Task: How to Get Kids to Eat Healthy","11","https://mpp-ig.s3.us-west-1.amazonaws.com/exp/all_plan_grid/experiment_output/wikihow/u-plan/plan_grid_task_1_bridge.png","12","https://mpp-ig.s3.us-west-1.amazonaws.com/exp/all_plan_grid/experiment_output/wikihow/u-plan/plan_grid_task_1_bridge.png","false","false","true","false","false","true","false","true","false","false","true","false"
"3FW4EL5A3LFF1IP3JFNTDZ8J84F22T","3UMJP5XW5JYSCFJZKNHNNHQQ1FFUF1","Compare the quality of two sequences of steps to complete the plan in HouseHold Task and Recipe","Compare the quality of two sequences of steps to complete the plan that relates to household task and recipe","Informativeness, Text and Image, Planning, Task Completion","$0.10","Sun Jan 01 20:11:28 PST 2023","3","BatchId:4978433;OriginalHitTemplateId:928390905;","300","259200","Sun Jan 08 20:11:28 PST 2023","","","3Q5C1WP23NS3YEON8XUFU7XFLPA513","A3RPU02JJC7SR3","Submitted","Sun Jan 01 20:11:39 PST 2023","Sun Jan 01 20:12:52 PST 2023","Wed Jan 04 20:12:52 PST 2023","","","","73","100% (3/3)","0% (0/0)","0% (0/0)","6","Task: How to Get Kids to Eat Healthy","11","https://mpp-ig.s3.us-west-1.amazonaws.com/exp/all_plan_grid/experiment_output/wikihow/u-plan/plan_grid_task_1_bridge.png","12","https://mpp-ig.s3.us-west-1.amazonaws.com/exp/all_plan_grid/experiment_output/wikihow/u-plan/plan_grid_task_1_bridge.png","false","true","false","true","false","false","true","false","false","false","true","false"
"3G3AJKPCXLJF5HXXGEDCFI6M7X64Y8","3UMJP5XW5JYSCFJZKNHNNHQQ1FFUF1","Compare the quality of two sequences of steps to complete the plan in HouseHold Task and Recipe","Compare the quality of two sequences of steps to complete the plan that relates to household task and recipe","Informativeness, Text and Image, Planning, Task Completion","$0.10","Sun Jan 01 20:11:29 PST 2023","3","BatchId:4978433;OriginalHitTemplateId:928390905;","300","259200","Sun Jan 08 20:11:29 PST 2023","","","39LOEL67OTWIVZL4TZF1UKM3LZP830","A3CIBLIXO17836","Submitted","Sun Jan 01 20:11:39 PST 2023","Sun Jan 01 20:12:51 PST 2023","Wed Jan 04 20:12:51 PST 2023","","","","72","100% (23/23)","100% (1/1)","0% (0/0)","19","Task: How to Cook White Cabbage","37","https://mpp-ig.s3.us-west-1.amazonaws.com/exp/all_plan_grid/experiment_output/wikihow/u-plan/plan_grid_task_3_bridge.png","38","https://mpp-ig.s3.us-west-1.amazonaws.com/exp/all_plan_grid/experiment_output/wikihow/vgt-u-plan/plan_grid_task_3.png","false","false","true","false","false","true","false","false","true","false","false","true"
"3G3AJKPCXLJF5HXXGEDCFI6M7X64Y8","3UMJP5XW5JYSCFJZKNHNNHQQ1FFUF1","Compare the quality of two sequences of steps to complete the plan in HouseHold Task and Recipe","Compare the quality of two sequences of steps to complete the plan that relates to household task and recipe","Informativeness, Text and Image, Planning, Task Completion","$0.10","Sun Jan 01 20:11:29 PST 2023","3","BatchId:4978433;OriginalHitTemplateId:928390905;","300","259200","Sun Jan 08 20:11:29 PST 2023","","","3J2UYBXQQM3ZAT3JHX0K88S5CSF06B","A3TDRHK841GOSB","Submitted","Sun Jan 01 20:27:34 PST 2023","Sun Jan 01 20:28:14 PST 2023","Wed Jan 04 20:28:14 PST 2023","","","","40","100% (15/15)","100% (2/2)","0% (0/0)","19","Task: How to Cook White Cabbage","37","https://mpp-ig.s3.us-west-1.amazonaws.com/exp/all_plan_grid/experiment_output/wikihow/u-plan/plan_grid_task_3_bridge.png","38","https://mpp-ig.s3.us-west-1.amazonaws.com/exp/all_plan_grid/experiment_output/wikihow/vgt-u-plan/plan_grid_task_3.png","false","true","false","false","true","false","true","false","false","false","false","true"
"3G3AJKPCXLJF5HXXGEDCFI6M7X64Y8","3UMJP5XW5JYSCFJZKNHNNHQQ1FFUF1","Compare the quality of two sequences of steps to complete the plan in HouseHold Task and Recipe","Compare the quality of two sequences of steps to complete the plan that relates to household task and recipe","Informativeness, Text and Image, Planning, Task Completion","$0.10","Sun Jan 01 20:11:29 PST 2023","3","BatchId:4978433;OriginalHitTemplateId:928390905;","300","259200","Sun Jan 08 20:11:29 PST 2023","","","3OS4RQUCRA6WD9Z4G60DMV11WVFFBF","AZ737VU2O528H","Submitted","Sun Jan 01 20:11:38 PST 2023","Sun Jan 01 20:12:10 PST 2023","Wed Jan 04 20:12:10 PST 2023","","","","32","0% (0/0)","0% (0/0)","0% (0/0)","19","Task: How to Cook White Cabbage","37","https://mpp-ig.s3.us-west-1.amazonaws.com/exp/all_plan_grid/experiment_output/wikihow/u-plan/plan_grid_task_3_bridge.png","38","https://mpp-ig.s3.us-west-1.amazonaws.com/exp/all_plan_grid/experiment_output/wikihow/vgt-u-plan/plan_grid_task_3.png","false","true","false","false","true","false","false","true","false","false","false","true"
"3GONHBMNHVPVEXW8I4FRFJWOZIUZMO","3UMJP5XW5JYSCFJZKNHNNHQQ1FFUF1","Compare the quality of two sequences of steps to complete the plan in HouseHold Task and Recipe","Compare the quality of two sequences of steps to complete the plan that relates to household task and recipe","Informativeness, Text and Image, Planning, Task Completion","$0.10","Sun Jan 01 20:11:28 PST 2023","3","BatchId:4978433;OriginalHitTemplateId:928390905;","300","259200","Sun Jan 08 20:11:28 PST 2023","","","3VHP9MDGROBFNERAU6W8XF7JEGFFCM","A2OHI6FWDK10B2","Submitted","Sun Jan 01 20:17:07 PST 2023","Sun Jan 01 20:18:38 PST 2023","Wed Jan 04 20:18:38 PST 2023","","","","91","0% (0/0)","0% (0/0)","0% (0/0)","2","Task: How to Muddle","3","https://mpp-ig.s3.us-west-1.amazonaws.com/exp/all_plan_grid/experiment_output/wikihow/u-plan/plan_grid_task_0_bridge.png","4","https://mpp-ig.s3.us-west-1.amazonaws.com/exp/all_plan_grid/experiment_output/wikihow/vgt-u-plan/plan_grid_task_0.png","false","false","true","false","false","true","false","false","true","false","false","true"
"3GONHBMNHVPVEXW8I4FRFJWOZIUZMO","3UMJP5XW5JYSCFJZKNHNNHQQ1FFUF1","Compare the quality of two sequences of steps to complete the plan in HouseHold Task and Recipe","Compare the quality of two sequences of steps to complete the plan that relates to household task and recipe","Informativeness, Text and Image, Planning, Task Completion","$0.10","Sun Jan 01 20:11:28 PST 2023","3","BatchId:4978433;OriginalHitTemplateId:928390905;","300","259200","Sun Jan 08 20:11:28 PST 2023","","","3HMVI3QICKJ102Y7JZZC54V8GUE1YF","A3BMK8L625KI3A","Submitted","Sun Jan 01 20:11:37 PST 2023","Sun Jan 01 20:13:44 PST 2023","Wed Jan 04 20:13:44 PST 2023","","","","127","100% (2/2)","0% (0/0)","0% (0/0)","2","Task: How to Muddle","3","https://mpp-ig.s3.us-west-1.amazonaws.com/exp/all_plan_grid/experiment_output/wikihow/u-plan/plan_grid_task_0_bridge.png","4","https://mpp-ig.s3.us-west-1.amazonaws.com/exp/all_plan_grid/experiment_output/wikihow/vgt-u-plan/plan_grid_task_0.png","true","false","false","true","false","false","false","true","false","false","true","false"
"3GONHBMNHVPVEXW8I4FRFJWOZIUZMO","3UMJP5XW5JYSCFJZKNHNNHQQ1FFUF1","Compare the quality of two sequences of steps to complete the plan in HouseHold Task and Recipe","Compare the quality of two sequences of steps to complete the plan that relates to household task and recipe","Informativeness, Text and Image, Planning, Task Completion","$0.10","Sun Jan 01 20:11:28 PST 2023","3","BatchId:4978433;OriginalHitTemplateId:928390905;","300","259200","Sun Jan 08 20:11:28 PST 2023","","","3WAKVUDHUX7YUFT4YEJW3TG8NS37UK","AL2SD472TW4LI","Submitted","Sun Jan 01 20:11:37 PST 2023","Sun Jan 01 20:12:48 PST 2023","Wed Jan 04 20:12:48 PST 2023","","","","71","100% (507/507)","0% (0/0)","0% (0/0)","2","Task: How to Muddle","3","https://mpp-ig.s3.us-west-1.amazonaws.com/exp/all_plan_grid/experiment_output/wikihow/u-plan/plan_grid_task_0_bridge.png","4","https://mpp-ig.s3.us-west-1.amazonaws.com/exp/all_plan_grid/experiment_output/wikihow/vgt-u-plan/plan_grid_task_0.png","true","false","false","true","false","false","false","false","true","false","true","false"
"3H1C3QRA01AKUGTL9S70RDQUHYIECG","3UMJP5XW5JYSCFJZKNHNNHQQ1FFUF1","Compare the quality of two sequences of steps to complete the plan in HouseHold Task and Recipe","Compare the quality of two sequences of steps to complete the plan that relates to household task and recipe","Informativeness, Text and Image, Planning, Task Completion","$0.10","Sun Jan 01 20:11:28 PST 2023","3","BatchId:4978433;OriginalHitTemplateId:928390905;","300","259200","Sun Jan 08 20:11:28 PST 2023","","","32EYX73OY108CYDJ7SH28A78O4WUR5","A1JUR7QCV4GS1","Submitted","Sun Jan 01 20:11:38 PST 2023","Sun Jan 01 20:12:52 PST 2023","Wed Jan 04 20:12:52 PST 2023","","","","74","100% (25/25)","0% (0/0)","0% (0/0)","5","Task: How to Muddle","9","https://mpp-ig.s3.us-west-1.amazonaws.com/exp/all_plan_grid/experiment_output/wikihow/u-plan/plan_grid_task_0_bridge.png","10","https://mpp-ig.s3.us-west-1.amazonaws.com/exp/all_plan_grid/experiment_output/wikihow/vgt-u-plan/plan_grid_task_0.png","true","false","false","false","false","true","false","false","true","true","false","false"
"3H1C3QRA01AKUGTL9S70RDQUHYIECG","3UMJP5XW5JYSCFJZKNHNNHQQ1FFUF1","Compare the quality of two sequences of steps to complete the plan in HouseHold Task and Recipe","Compare the quality of two sequences of steps to complete the plan that relates to household task and recipe","Informativeness, Text and Image, Planning, Task Completion","$0.10","Sun Jan 01 20:11:28 PST 2023","3","BatchId:4978433;OriginalHitTemplateId:928390905;","300","259200","Sun Jan 08 20:11:28 PST 2023","","","3YMTUJH0DT7MBFWWWBVFVLAWDC64T6","A1O7WVJLBKCX1A","Submitted","Sun Jan 01 20:11:37 PST 2023","Sun Jan 01 20:12:44 PST 2023","Wed Jan 04 20:12:44 PST 2023","","","","67","0% (0/0)","0% (0/0)","0% (0/0)","5","Task: How to Muddle","9","https://mpp-ig.s3.us-west-1.amazonaws.com/exp/all_plan_grid/experiment_output/wikihow/u-plan/plan_grid_task_0_bridge.png","10","https://mpp-ig.s3.us-west-1.amazonaws.com/exp/all_plan_grid/experiment_output/wikihow/vgt-u-plan/plan_grid_task_0.png","false","false","true","true","false","false","false","true","false","false","true","false"
"3H1C3QRA01AKUGTL9S70RDQUHYIECG","3UMJP5XW5JYSCFJZKNHNNHQQ1FFUF1","Compare the quality of two sequences of steps to complete the plan in HouseHold Task and Recipe","Compare the quality of two sequences of steps to complete the plan that relates to household task and recipe","Informativeness, Text and Image, Planning, Task Completion","$0.10","Sun Jan 01 20:11:28 PST 2023","3","BatchId:4978433;OriginalHitTemplateId:928390905;","300","259200","Sun Jan 08 20:11:28 PST 2023","","","384PI804XTS4XR1GOA3N9DOXUHD0SY","A3CFL2SZGWZL79","Submitted","Sun Jan 01 20:17:18 PST 2023","Sun Jan 01 20:17:57 PST 2023","Wed Jan 04 20:17:57 PST 2023","","","","39","0% (0/0)","0% (0/0)","0% (0/0)","5","Task: How to Muddle","9","https://mpp-ig.s3.us-west-1.amazonaws.com/exp/all_plan_grid/experiment_output/wikihow/u-plan/plan_grid_task_0_bridge.png","10","https://mpp-ig.s3.us-west-1.amazonaws.com/exp/all_plan_grid/experiment_output/wikihow/vgt-u-plan/plan_grid_task_0.png","false","false","true","false","true","false","false","false","true","false","false","true"
"3M67TQBQQHFF6556H3VNT4ZVQYH9AZ","3UMJP5XW5JYSCFJZKNHNNHQQ1FFUF1","Compare the quality of two sequences of steps to complete the plan in HouseHold Task and Recipe","Compare the quality of two sequences of steps to complete the plan that relates to household task and recipe","Informativeness, Text and Image, Planning, Task Completion","$0.10","Sun Jan 01 20:11:29 PST 2023","3","BatchId:4978433;OriginalHitTemplateId:928390905;","300","259200","Sun Jan 08 20:11:29 PST 2023","","","3YZ8UPK3VUD46WO0PVR7JF8MO3UCUI","A12I6N4LX4MLDK","Submitted","Sun Jan 01 20:11:39 PST 2023","Sun Jan 01 20:14:53 PST 2023","Wed Jan 04 20:14:53 PST 2023","","","","194","0% (0/0)","0% (0/0)","0% (0/0)","15","Task: How to Substitute for Mustard Seed","29","https://mpp-ig.s3.us-west-1.amazonaws.com/exp/all_plan_grid/experiment_output/wikihow/u-plan/plan_grid_task_2_bridge.png","30","https://mpp-ig.s3.us-west-1.amazonaws.com/exp/all_plan_grid/experiment_output/wikihow/vgt-u-plan/plan_grid_task_2.png","false","true","false","false","true","false","true","false","false","true","false","false"
"3M67TQBQQHFF6556H3VNT4ZVQYH9AZ","3UMJP5XW5JYSCFJZKNHNNHQQ1FFUF1","Compare the quality of two sequences of steps to complete the plan in HouseHold Task and Recipe","Compare the quality of two sequences of steps to complete the plan that relates to household task and recipe","Informativeness, Text and Image, Planning, Task Completion","$0.10","Sun Jan 01 20:11:29 PST 2023","3","BatchId:4978433;OriginalHitTemplateId:928390905;","300","259200","Sun Jan 08 20:11:29 PST 2023","","","33C7UALJVMPMLW7P6V1I6R76NFC819","A17KUG7M9BQVPC","Submitted","Sun Jan 01 20:27:54 PST 2023","Sun Jan 01 20:29:11 PST 2023","Wed Jan 04 20:29:11 PST 2023","","","","77","100% (59/59)","0% (0/0)","0% (0/0)","15","Task: How to Substitute for Mustard Seed","29","https://mpp-ig.s3.us-west-1.amazonaws.com/exp/all_plan_grid/experiment_output/wikihow/u-plan/plan_grid_task_2_bridge.png","30","https://mpp-ig.s3.us-west-1.amazonaws.com/exp/all_plan_grid/experiment_output/wikihow/vgt-u-plan/plan_grid_task_2.png","false","false","true","true","false","false","false","false","true","true","false","false"
"3M67TQBQQHFF6556H3VNT4ZVQYH9AZ","3UMJP5XW5JYSCFJZKNHNNHQQ1FFUF1","Compare the quality of two sequences of steps to complete the plan in HouseHold Task and Recipe","Compare the quality of two sequences of steps to complete the plan that relates to household task and recipe","Informativeness, Text and Image, Planning, Task Completion","$0.10","Sun Jan 01 20:11:29 PST 2023","3","BatchId:4978433;OriginalHitTemplateId:928390905;","300","259200","Sun Jan 08 20:11:29 PST 2023","","","338JKRMM27QB8VLI5IOHU5T8US7AHD","A7U36JXCG7X6W","Submitted","Sun Jan 01 20:11:39 PST 2023","Sun Jan 01 20:13:20 PST 2023","Wed Jan 04 20:13:20 PST 2023","","","","101","100% (17/17)","0% (0/0)","0% (0/0)","15","Task: How to Substitute for Mustard Seed","29","https://mpp-ig.s3.us-west-1.amazonaws.com/exp/all_plan_grid/experiment_output/wikihow/u-plan/plan_grid_task_2_bridge.png","30","https://mpp-ig.s3.us-west-1.amazonaws.com/exp/all_plan_grid/experiment_output/wikihow/vgt-u-plan/plan_grid_task_2.png","false","false","true","false","false","true","false","true","false","false","false","true"
"3MDWE879UHTKPFAYNHVJOFJ18G29BU","3UMJP5XW5JYSCFJZKNHNNHQQ1FFUF1","Compare the quality of two sequences of steps to complete the plan in HouseHold Task and Recipe","Compare the quality of two sequences of steps to complete the plan that relates to household task and recipe","Informativeness, Text and Image, Planning, Task Completion","$0.10","Sun Jan 01 20:11:29 PST 2023","3","BatchId:4978433;OriginalHitTemplateId:928390905;","300","259200","Sun Jan 08 20:11:29 PST 2023","","","33IZTU6J82SCUH7RRMSUIRB84OXXSP","A3CFL2SZGWZL79","Submitted","Sun Jan 01 20:17:28 PST 2023","Sun Jan 01 20:18:12 PST 2023","Wed Jan 04 20:18:12 PST 2023","","","","44","0% (0/0)","0% (0/0)","0% (0/0)","20","Task: How to Cook White Cabbage","39","https://mpp-ig.s3.us-west-1.amazonaws.com/exp/all_plan_grid/experiment_output/wikihow/u-plan/plan_grid_task_3_bridge.png","40","https://mpp-ig.s3.us-west-1.amazonaws.com/exp/all_plan_grid/experiment_output/wikihow/vgt-u-plan/plan_grid_task_3.png","false","false","true","false","true","false","false","false","true","false","false","true"
"3MDWE879UHTKPFAYNHVJOFJ18G29BU","3UMJP5XW5JYSCFJZKNHNNHQQ1FFUF1","Compare the quality of two sequences of steps to complete the plan in HouseHold Task and Recipe","Compare the quality of two sequences of steps to complete the plan that relates to household task and recipe","Informativeness, Text and Image, Planning, Task Completion","$0.10","Sun Jan 01 20:11:29 PST 2023","3","BatchId:4978433;OriginalHitTemplateId:928390905;","300","259200","Sun Jan 08 20:11:29 PST 2023","","","3ZAZR5XV029LSVIAVIQF07N1QLACZ8","A3F293Q71V7LXQ","Submitted","Sun Jan 01 20:17:28 PST 2023","Sun Jan 01 20:18:37 PST 2023","Wed Jan 04 20:18:37 PST 2023","","","","69","0% (0/0)","0% (0/0)","0% (0/0)","20","Task: How to Cook White Cabbage","39","https://mpp-ig.s3.us-west-1.amazonaws.com/exp/all_plan_grid/experiment_output/wikihow/u-plan/plan_grid_task_3_bridge.png","40","https://mpp-ig.s3.us-west-1.amazonaws.com/exp/all_plan_grid/experiment_output/wikihow/vgt-u-plan/plan_grid_task_3.png","false","true","false","true","false","false","false","false","true","false","true","false"
"3MDWE879UHTKPFAYNHVJOFJ18G29BU","3UMJP5XW5JYSCFJZKNHNNHQQ1FFUF1","Compare the quality of two sequences of steps to complete the plan in HouseHold Task and Recipe","Compare the quality of two sequences of steps to complete the plan that relates to household task and recipe","Informativeness, Text and Image, Planning, Task Completion","$0.10","Sun Jan 01 20:11:29 PST 2023","3","BatchId:4978433;OriginalHitTemplateId:928390905;","300","259200","Sun Jan 08 20:11:29 PST 2023","","","3TS1AR6UQR59BXWE3POXHTF5D5OF7T","APEB5ERGCYP6D","Submitted","Sun Jan 01 20:16:57 PST 2023","Sun Jan 01 20:19:02 PST 2023","Wed Jan 04 20:19:02 PST 2023","","","","125","100% (147/147)","0% (0/0)","0% (0/0)","20","Task: How to Cook White Cabbage","39","https://mpp-ig.s3.us-west-1.amazonaws.com/exp/all_plan_grid/experiment_output/wikihow/u-plan/plan_grid_task_3_bridge.png","40","https://mpp-ig.s3.us-west-1.amazonaws.com/exp/all_plan_grid/experiment_output/wikihow/vgt-u-plan/plan_grid_task_3.png","false","false","true","false","false","true","true","false","false","true","false","false"
"3QTFNPMJC691WFH8U5URSYLO484ZNO","3UMJP5XW5JYSCFJZKNHNNHQQ1FFUF1","Compare the quality of two sequences of steps to complete the plan in HouseHold Task and Recipe","Compare the quality of two sequences of steps to complete the plan that relates to household task and recipe","Informativeness, Text and Image, Planning, Task Completion","$0.10","Sun Jan 01 20:11:28 PST 2023","3","BatchId:4978433;OriginalHitTemplateId:928390905;","300","259200","Sun Jan 08 20:11:28 PST 2023","","","33IZTU6J82SCUH7RRMSUIRB84OWXSO","A1IRPU7CQHQJTP","Submitted","Sun Jan 01 20:11:39 PST 2023","Sun Jan 01 20:12:18 PST 2023","Wed Jan 04 20:12:18 PST 2023","","","","39","0% (0/0)","0% (0/0)","0% (0/0)","8","Task: How to Get Kids to Eat Healthy","15","https://mpp-ig.s3.us-west-1.amazonaws.com/exp/all_plan_grid/experiment_output/wikihow/u-plan/plan_grid_task_1_bridge.png","16","https://mpp-ig.s3.us-west-1.amazonaws.com/exp/all_plan_grid/experiment_output/wikihow/vgt-u-plan/plan_grid_task_1.png","false","true","false","true","false","false","true","false","false","false","true","false"
"3QTFNPMJC691WFH8U5URSYLO484ZNO","3UMJP5XW5JYSCFJZKNHNNHQQ1FFUF1","Compare the quality of two sequences of steps to complete the plan in HouseHold Task and Recipe","Compare the quality of two sequences of steps to complete the plan that relates to household task and recipe","Informativeness, Text and Image, Planning, Task Completion","$0.10","Sun Jan 01 20:11:28 PST 2023","3","BatchId:4978433;OriginalHitTemplateId:928390905;","300","259200","Sun Jan 08 20:11:28 PST 2023","","","3ATTHHXXWBFN034VMAYGEP5LVQUXIW","A1RP16513M4MXO","Submitted","Sun Jan 01 20:11:36 PST 2023","Sun Jan 01 20:13:17 PST 2023","Wed Jan 04 20:13:17 PST 2023","","","","101","0% (0/0)","0% (0/0)","0% (0/0)","8","Task: How to Get Kids to Eat Healthy","15","https://mpp-ig.s3.us-west-1.amazonaws.com/exp/all_plan_grid/experiment_output/wikihow/u-plan/plan_grid_task_1_bridge.png","16","https://mpp-ig.s3.us-west-1.amazonaws.com/exp/all_plan_grid/experiment_output/wikihow/vgt-u-plan/plan_grid_task_1.png","false","true","false","false","true","false","true","false","false","true","false","false"
"3QTFNPMJC691WFH8U5URSYLO484ZNO","3UMJP5XW5JYSCFJZKNHNNHQQ1FFUF1","Compare the quality of two sequences of steps to complete the plan in HouseHold Task and Recipe","Compare the quality of two sequences of steps to complete the plan that relates to household task and recipe","Informativeness, Text and Image, Planning, Task Completion","$0.10","Sun Jan 01 20:11:28 PST 2023","3","BatchId:4978433;OriginalHitTemplateId:928390905;","300","259200","Sun Jan 08 20:11:28 PST 2023","","","3K2755HG5TUPS6XOU2RJHLP1ZGSFDN","A38SB4HNEB1CT0","Submitted","Sun Jan 01 20:17:28 PST 2023","Sun Jan 01 20:19:31 PST 2023","Wed Jan 04 20:19:31 PST 2023","","","","123","0% (0/0)","0% (0/0)","0% (0/0)","8","Task: How to Get Kids to Eat Healthy","15","https://mpp-ig.s3.us-west-1.amazonaws.com/exp/all_plan_grid/experiment_output/wikihow/u-plan/plan_grid_task_1_bridge.png","16","https://mpp-ig.s3.us-west-1.amazonaws.com/exp/all_plan_grid/experiment_output/wikihow/vgt-u-plan/plan_grid_task_1.png","true","false","false","false","true","false","false","true","false","true","false","false"
"3R4QIDVOJP3ZREDZ5JDVH1QX2AVEE9","3UMJP5XW5JYSCFJZKNHNNHQQ1FFUF1","Compare the quality of two sequences of steps to complete the plan in HouseHold Task and Recipe","Compare the quality of two sequences of steps to complete the plan that relates to household task and recipe","Informativeness, Text and Image, Planning, Task Completion","$0.10","Sun Jan 01 20:11:28 PST 2023","3","BatchId:4978433;OriginalHitTemplateId:928390905;","300","259200","Sun Jan 08 20:11:28 PST 2023","","","3AUQQEL7U6KKPJIKI58SK084TL70V3","A2887NRBDUIYWW","Submitted","Sun Jan 01 20:22:46 PST 2023","Sun Jan 01 20:23:25 PST 2023","Wed Jan 04 20:23:25 PST 2023","","","","39","0% (0/0)","0% (0/0)","0% (0/0)","11","Task: How to Substitute for Mustard Seed","21","https://mpp-ig.s3.us-west-1.amazonaws.com/exp/all_plan_grid/experiment_output/wikihow/u-plan/plan_grid_task_2_bridge.png","22","https://mpp-ig.s3.us-west-1.amazonaws.com/exp/all_plan_grid/experiment_output/wikihow/u-plan/plan_grid_task_2_bridge.png","false","true","false","true","false","false","false","false","true","false","true","false"
"3R4QIDVOJP3ZREDZ5JDVH1QX2AVEE9","3UMJP5XW5JYSCFJZKNHNNHQQ1FFUF1","Compare the quality of two sequences of steps to complete the plan in HouseHold Task and Recipe","Compare the quality of two sequences of steps to complete the plan that relates to household task and recipe","Informativeness, Text and Image, Planning, Task Completion","$0.10","Sun Jan 01 20:11:28 PST 2023","3","BatchId:4978433;OriginalHitTemplateId:928390905;","300","259200","Sun Jan 08 20:11:28 PST 2023","","","36TFCYNS451N48TBGSGVED46VDFXH3","A3CFL2SZGWZL79","Submitted","Sun Jan 01 20:11:36 PST 2023","Sun Jan 01 20:12:33 PST 2023","Wed Jan 04 20:12:33 PST 2023","","","","57","0% (0/0)","0% (0/0)","0% (0/0)","11","Task: How to Substitute for Mustard Seed","21","https://mpp-ig.s3.us-west-1.amazonaws.com/exp/all_plan_grid/experiment_output/wikihow/u-plan/plan_grid_task_2_bridge.png","22","https://mpp-ig.s3.us-west-1.amazonaws.com/exp/all_plan_grid/experiment_output/wikihow/u-plan/plan_grid_task_2_bridge.png","false","true","false","false","true","false","false","false","true","false","false","true"
"3R4QIDVOJP3ZREDZ5JDVH1QX2AVEE9","3UMJP5XW5JYSCFJZKNHNNHQQ1FFUF1","Compare the quality of two sequences of steps to complete the plan in HouseHold Task and Recipe","Compare the quality of two sequences of steps to complete the plan that relates to household task and recipe","Informativeness, Text and Image, Planning, Task Completion","$0.10","Sun Jan 01 20:11:28 PST 2023","3","BatchId:4978433;OriginalHitTemplateId:928390905;","300","259200","Sun Jan 08 20:11:28 PST 2023","","","37XITHEISX0CQ4WJL1W2E4L2H4QCRE","A7U36JXCG7X6W","Submitted","Sun Jan 01 20:11:38 PST 2023","Sun Jan 01 20:12:41 PST 2023","Wed Jan 04 20:12:41 PST 2023","","","","63","100% (17/17)","0% (0/0)","0% (0/0)","11","Task: How to Substitute for Mustard Seed","21","https://mpp-ig.s3.us-west-1.amazonaws.com/exp/all_plan_grid/experiment_output/wikihow/u-plan/plan_grid_task_2_bridge.png","22","https://mpp-ig.s3.us-west-1.amazonaws.com/exp/all_plan_grid/experiment_output/wikihow/u-plan/plan_grid_task_2_bridge.png","false","true","false","false","true","false","false","false","true","false","false","true"
"3T5ZXGO9DEFMZCU0AXM8WSGT9JRZQB","3UMJP5XW5JYSCFJZKNHNNHQQ1FFUF1","Compare the quality of two sequences of steps to complete the plan in HouseHold Task and Recipe","Compare the quality of two sequences of steps to complete the plan that relates to household task and recipe","Informativeness, Text and Image, Planning, Task Completion","$0.10","Sun Jan 01 20:11:28 PST 2023","3","BatchId:4978433;OriginalHitTemplateId:928390905;","300","259200","Sun Jan 08 20:11:28 PST 2023","","","3J88R45B2HPFHPRZZ5O0NM6XH4PXP8","A15UF2XA960XFC","Submitted","Sun Jan 01 20:16:57 PST 2023","Sun Jan 01 20:19:14 PST 2023","Wed Jan 04 20:19:14 PST 2023","","","","137","0% (0/0)","0% (0/0)","0% (0/0)","14","Task: How to Substitute for Mustard Seed","27","https://mpp-ig.s3.us-west-1.amazonaws.com/exp/all_plan_grid/experiment_output/wikihow/u-plan/plan_grid_task_2_bridge.png","28","https://mpp-ig.s3.us-west-1.amazonaws.com/exp/all_plan_grid/experiment_output/wikihow/vgt-u-plan/plan_grid_task_2.png","true","false","false","true","false","false","true","false","false","true","false","false"
"3T5ZXGO9DEFMZCU0AXM8WSGT9JRZQB","3UMJP5XW5JYSCFJZKNHNNHQQ1FFUF1","Compare the quality of two sequences of steps to complete the plan in HouseHold Task and Recipe","Compare the quality of two sequences of steps to complete the plan that relates to household task and recipe","Informativeness, Text and Image, Planning, Task Completion","$0.10","Sun Jan 01 20:11:28 PST 2023","3","BatchId:4978433;OriginalHitTemplateId:928390905;","300","259200","Sun Jan 08 20:11:28 PST 2023","","","3CN4LGXD5YFIS1VQ6HIE322BSEO4YV","A7U36JXCG7X6W","Submitted","Sun Jan 01 20:11:38 PST 2023","Sun Jan 01 20:13:00 PST 2023","Wed Jan 04 20:13:00 PST 2023","","","","82","100% (17/17)","0% (0/0)","0% (0/0)","14","Task: How to Substitute for Mustard Seed","27","https://mpp-ig.s3.us-west-1.amazonaws.com/exp/all_plan_grid/experiment_output/wikihow/u-plan/plan_grid_task_2_bridge.png","28","https://mpp-ig.s3.us-west-1.amazonaws.com/exp/all_plan_grid/experiment_output/wikihow/vgt-u-plan/plan_grid_task_2.png","false","false","true","false","false","true","false","true","false","false","false","true"
"3T5ZXGO9DEFMZCU0AXM8WSGT9JRZQB","3UMJP5XW5JYSCFJZKNHNNHQQ1FFUF1","Compare the quality of two sequences of steps to complete the plan in HouseHold Task and Recipe","Compare the quality of two sequences of steps to complete the plan that relates to household task and recipe","Informativeness, Text and Image, Planning, Task Completion","$0.10","Sun Jan 01 20:11:28 PST 2023","3","BatchId:4978433;OriginalHitTemplateId:928390905;","300","259200","Sun Jan 08 20:11:28 PST 2023","","","3JZQSN0I3R1S4Q7FWSSRN6SYC88FGX","AE91LXBPREONE","Submitted","Sun Jan 01 20:17:28 PST 2023","Sun Jan 01 20:19:18 PST 2023","Wed Jan 04 20:19:18 PST 2023","","","","110","0% (0/0)","0% (0/0)","0% (0/0)","14","Task: How to Substitute for Mustard Seed","27","https://mpp-ig.s3.us-west-1.amazonaws.com/exp/all_plan_grid/experiment_output/wikihow/u-plan/plan_grid_task_2_bridge.png","28","https://mpp-ig.s3.us-west-1.amazonaws.com/exp/all_plan_grid/experiment_output/wikihow/vgt-u-plan/plan_grid_task_2.png","false","false","true","false","true","false","false","true","false","false","false","true"
"3TFJJUELSHGSZ0H5G8CZPCH5KVSC2C","3UMJP5XW5JYSCFJZKNHNNHQQ1FFUF1","Compare the quality of two sequences of steps to complete the plan in HouseHold Task and Recipe","Compare the quality of two sequences of steps to complete the plan that relates to household task and recipe","Informativeness, Text and Image, Planning, Task Completion","$0.10","Sun Jan 01 20:11:28 PST 2023","3","BatchId:4978433;OriginalHitTemplateId:928390905;","300","259200","Sun Jan 08 20:11:28 PST 2023","","","3RJSC4XJ11L3RP35CEQFG2E5GX405V","A30E84UP0G7KJA","Submitted","Sun Jan 01 20:11:38 PST 2023","Sun Jan 01 20:15:11 PST 2023","Wed Jan 04 20:15:11 PST 2023","","","","213","100% (23/23)","0% (0/0)","0% (0/0)","12","Task: How to Substitute for Mustard Seed","23","https://mpp-ig.s3.us-west-1.amazonaws.com/exp/all_plan_grid/experiment_output/wikihow/u-plan/plan_grid_task_2_bridge.png","24","https://mpp-ig.s3.us-west-1.amazonaws.com/exp/all_plan_grid/experiment_output/wikihow/vgt-u-plan/plan_grid_task_2.png","true","false","false","true","false","false","true","false","false","true","false","false"
"3TFJJUELSHGSZ0H5G8CZPCH5KVSC2C","3UMJP5XW5JYSCFJZKNHNNHQQ1FFUF1","Compare the quality of two sequences of steps to complete the plan in HouseHold Task and Recipe","Compare the quality of two sequences of steps to complete the plan that relates to household task and recipe","Informativeness, Text and Image, Planning, Task Completion","$0.10","Sun Jan 01 20:11:28 PST 2023","3","BatchId:4978433;OriginalHitTemplateId:928390905;","300","259200","Sun Jan 08 20:11:28 PST 2023","","","3Z7VU45IPZ815S8CFL1VJB4AMOI1Z6","A3TDRHK841GOSB","Submitted","Sun Jan 01 20:11:38 PST 2023","Sun Jan 01 20:12:14 PST 2023","Wed Jan 04 20:12:14 PST 2023","","","","36","100% (15/15)","100% (2/2)","0% (0/0)","12","Task: How to Substitute for Mustard Seed","23","https://mpp-ig.s3.us-west-1.amazonaws.com/exp/all_plan_grid/experiment_output/wikihow/u-plan/plan_grid_task_2_bridge.png","24","https://mpp-ig.s3.us-west-1.amazonaws.com/exp/all_plan_grid/experiment_output/wikihow/vgt-u-plan/plan_grid_task_2.png","false","true","false","true","false","false","false","false","true","false","true","false"
"3TFJJUELSHGSZ0H5G8CZPCH5KVSC2C","3UMJP5XW5JYSCFJZKNHNNHQQ1FFUF1","Compare the quality of two sequences of steps to complete the plan in HouseHold Task and Recipe","Compare the quality of two sequences of steps to complete the plan that relates to household task and recipe","Informativeness, Text and Image, Planning, Task Completion","$0.10","Sun Jan 01 20:11:28 PST 2023","3","BatchId:4978433;OriginalHitTemplateId:928390905;","300","259200","Sun Jan 08 20:11:28 PST 2023","","","3OLF68YTNASRUZUCAS0HRKHVEDUFAK","AL2SD472TW4LI","Submitted","Sun Jan 01 20:11:38 PST 2023","Sun Jan 01 20:13:07 PST 2023","Wed Jan 04 20:13:07 PST 2023","","","","89","100% (507/507)","0% (0/0)","0% (0/0)","12","Task: How to Substitute for Mustard Seed","23","https://mpp-ig.s3.us-west-1.amazonaws.com/exp/all_plan_grid/experiment_output/wikihow/u-plan/plan_grid_task_2_bridge.png","24","https://mpp-ig.s3.us-west-1.amazonaws.com/exp/all_plan_grid/experiment_output/wikihow/vgt-u-plan/plan_grid_task_2.png","true","false","false","true","false","false","false","false","true","false","true","false"
"3VLL1PIENQFJE0HKVKU47NLTUI9ZO3","3UMJP5XW5JYSCFJZKNHNNHQQ1FFUF1","Compare the quality of two sequences of steps to complete the plan in HouseHold Task and Recipe","Compare the quality of two sequences of steps to complete the plan that relates to household task and recipe","Informativeness, Text and Image, Planning, Task Completion","$0.10","Sun Jan 01 20:11:28 PST 2023","3","BatchId:4978433;OriginalHitTemplateId:928390905;","300","259200","Sun Jan 08 20:11:28 PST 2023","","","3QAPZX2QN54BSSKIUVOHIVBTWND20W","A110TX2PKWIQ2O","Submitted","Sun Jan 01 20:22:15 PST 2023","Sun Jan 01 20:23:10 PST 2023","Wed Jan 04 20:23:10 PST 2023","","","","55","0% (0/0)","0% (0/0)","0% (0/0)","9","Task: How to Get Kids to Eat Healthy","17","https://mpp-ig.s3.us-west-1.amazonaws.com/exp/all_plan_grid/experiment_output/wikihow/u-plan/plan_grid_task_1_bridge.png","18","https://mpp-ig.s3.us-west-1.amazonaws.com/exp/all_plan_grid/experiment_output/wikihow/vgt-u-plan/plan_grid_task_1.png","true","false","false","true","false","false","false","true","false","false","false","true"
"3VLL1PIENQFJE0HKVKU47NLTUI9ZO3","3UMJP5XW5JYSCFJZKNHNNHQQ1FFUF1","Compare the quality of two sequences of steps to complete the plan in HouseHold Task and Recipe","Compare the quality of two sequences of steps to complete the plan that relates to household task and recipe","Informativeness, Text and Image, Planning, Task Completion","$0.10","Sun Jan 01 20:11:28 PST 2023","3","BatchId:4978433;OriginalHitTemplateId:928390905;","300","259200","Sun Jan 08 20:11:28 PST 2023","","","378XPAWRUD4B4QW2B062UHUNU5MAI6","A38NOKWHRBJGSR","Submitted","Sun Jan 01 20:11:39 PST 2023","Sun Jan 01 20:13:31 PST 2023","Wed Jan 04 20:13:31 PST 2023","","","","112","100% (27/27)","0% (0/0)","0% (0/0)","9","Task: How to Get Kids to Eat Healthy","17","https://mpp-ig.s3.us-west-1.amazonaws.com/exp/all_plan_grid/experiment_output/wikihow/u-plan/plan_grid_task_1_bridge.png","18","https://mpp-ig.s3.us-west-1.amazonaws.com/exp/all_plan_grid/experiment_output/wikihow/vgt-u-plan/plan_grid_task_1.png","true","false","false","false","true","false","false","true","false","true","false","false"
"3VLL1PIENQFJE0HKVKU47NLTUI9ZO3","3UMJP5XW5JYSCFJZKNHNNHQQ1FFUF1","Compare the quality of two sequences of steps to complete the plan in HouseHold Task and Recipe","Compare the quality of two sequences of steps to complete the plan that relates to household task and recipe","Informativeness, Text and Image, Planning, Task Completion","$0.10","Sun Jan 01 20:11:28 PST 2023","3","BatchId:4978433;OriginalHitTemplateId:928390905;","300","259200","Sun Jan 08 20:11:28 PST 2023","","","3PM8NZGV8Z70H1SEZI3PNRW7M0CXQ0","AZ737VU2O528H","Submitted","Sun Jan 01 20:17:18 PST 2023","Sun Jan 01 20:17:38 PST 2023","Wed Jan 04 20:17:38 PST 2023","","","","20","0% (0/0)","0% (0/0)","0% (0/0)","9","Task: How to Get Kids to Eat Healthy","17","https://mpp-ig.s3.us-west-1.amazonaws.com/exp/all_plan_grid/experiment_output/wikihow/u-plan/plan_grid_task_1_bridge.png","18","https://mpp-ig.s3.us-west-1.amazonaws.com/exp/all_plan_grid/experiment_output/wikihow/vgt-u-plan/plan_grid_task_1.png","true","false","false","false","false","false","false","true","false","false","true","false"
"3VZYA8PITOP0455CMBLDSIIGVGM50D","3UMJP5XW5JYSCFJZKNHNNHQQ1FFUF1","Compare the quality of two sequences of steps to complete the plan in HouseHold Task and Recipe","Compare the quality of two sequences of steps to complete the plan that relates to household task and recipe","Informativeness, Text and Image, Planning, Task Completion","$0.10","Sun Jan 01 20:11:29 PST 2023","3","BatchId:4978433;OriginalHitTemplateId:928390905;","300","259200","Sun Jan 08 20:11:29 PST 2023","","","39ZSFO5CA9NREAU6ZN8T6JLHEN4JU4","A334UFAOO187W7","Submitted","Sun Jan 01 20:28:25 PST 2023","Sun Jan 01 20:30:47 PST 2023","Wed Jan 04 20:30:47 PST 2023","","","","142","100% (6/6)","0% (0/0)","0% (0/0)","23","Task: How to Cook Dungeness Crab","45","https://mpp-ig.s3.us-west-1.amazonaws.com/exp/all_plan_grid/experiment_output/wikihow/u-plan/plan_grid_task_4_bridge.png","46","https://mpp-ig.s3.us-west-1.amazonaws.com/exp/all_plan_grid/experiment_output/wikihow/vgt-u-plan/plan_grid_task_4.png","true","false","false","false","true","false","false","false","true","true","false","false"
"3VZYA8PITOP0455CMBLDSIIGVGM50D","3UMJP5XW5JYSCFJZKNHNNHQQ1FFUF1","Compare the quality of two sequences of steps to complete the plan in HouseHold Task and Recipe","Compare the quality of two sequences of steps to complete the plan that relates to household task and recipe","Informativeness, Text and Image, Planning, Task Completion","$0.10","Sun Jan 01 20:11:29 PST 2023","3","BatchId:4978433;OriginalHitTemplateId:928390905;","300","259200","Sun Jan 08 20:11:29 PST 2023","","","37M28K1J0R47Z1G8TIR26I9N7KBAJI","A38NOKWHRBJGSR","Submitted","Sun Jan 01 20:16:47 PST 2023","Sun Jan 01 20:17:50 PST 2023","Wed Jan 04 20:17:50 PST 2023","","","","63","100% (27/27)","0% (0/0)","0% (0/0)","23","Task: How to Cook Dungeness Crab","45","https://mpp-ig.s3.us-west-1.amazonaws.com/exp/all_plan_grid/experiment_output/wikihow/u-plan/plan_grid_task_4_bridge.png","46","https://mpp-ig.s3.us-west-1.amazonaws.com/exp/all_plan_grid/experiment_output/wikihow/vgt-u-plan/plan_grid_task_4.png","true","false","false","false","true","false","false","true","false","true","false","false"
"3VZYA8PITOP0455CMBLDSIIGVGM50D","3UMJP5XW5JYSCFJZKNHNNHQQ1FFUF1","Compare the quality of two sequences of steps to complete the plan in HouseHold Task and Recipe","Compare the quality of two sequences of steps to complete the plan that relates to household task and recipe","Informativeness, Text and Image, Planning, Task Completion","$0.10","Sun Jan 01 20:11:29 PST 2023","3","BatchId:4978433;OriginalHitTemplateId:928390905;","300","259200","Sun Jan 08 20:11:29 PST 2023","","","3GA6AFUKOPFBOAMXW3977XF2OIG3HB","A3TDRHK841GOSB","Submitted","Sun Jan 01 20:17:18 PST 2023","Sun Jan 01 20:17:45 PST 2023","Wed Jan 04 20:17:45 PST 2023","","","","27","100% (15/15)","100% (2/2)","0% (0/0)","23","Task: How to Cook Dungeness Crab","45","https://mpp-ig.s3.us-west-1.amazonaws.com/exp/all_plan_grid/experiment_output/wikihow/u-plan/plan_grid_task_4_bridge.png","46","https://mpp-ig.s3.us-west-1.amazonaws.com/exp/all_plan_grid/experiment_output/wikihow/vgt-u-plan/plan_grid_task_4.png","false","true","false","false","true","false","false","true","false","false","false","true"
"3WYZV0QBFJ4AQBSWQX1X4I5JFJSXB0","3UMJP5XW5JYSCFJZKNHNNHQQ1FFUF1","Compare the quality of two sequences of steps to complete the plan in HouseHold Task and Recipe","Compare the quality of two sequences of steps to complete the plan that relates to household task and recipe","Informativeness, Text and Image, Planning, Task Completion","$0.10","Sun Jan 01 20:11:28 PST 2023","3","BatchId:4978433;OriginalHitTemplateId:928390905;","300","259200","Sun Jan 08 20:11:28 PST 2023","","","3PWWM24LHTPTAHPLPZ1WBAHBFLP82P","A3BMK8L625KI3A","Submitted","Sun Jan 01 20:16:47 PST 2023","Sun Jan 01 20:17:39 PST 2023","Wed Jan 04 20:17:39 PST 2023","","","","52","100% (2/2)","0% (0/0)","0% (0/0)","10","Task: How to Get Kids to Eat Healthy","19","https://mpp-ig.s3.us-west-1.amazonaws.com/exp/all_plan_grid/experiment_output/wikihow/u-plan/plan_grid_task_1_bridge.png","20","https://mpp-ig.s3.us-west-1.amazonaws.com/exp/all_plan_grid/experiment_output/wikihow/vgt-u-plan/plan_grid_task_1.png","true","false","false","true","false","false","false","true","false","false","true","false"
"3WYZV0QBFJ4AQBSWQX1X4I5JFJSXB0","3UMJP5XW5JYSCFJZKNHNNHQQ1FFUF1","Compare the quality of two sequences of steps to complete the plan in HouseHold Task and Recipe","Compare the quality of two sequences of steps to complete the plan that relates to household task and recipe","Informativeness, Text and Image, Planning, Task Completion","$0.10","Sun Jan 01 20:11:28 PST 2023","3","BatchId:4978433;OriginalHitTemplateId:928390905;","300","259200","Sun Jan 08 20:11:28 PST 2023","","","35L9RVQFCP9VN4ZGBN58U6521V0UHA","AM0D0TUNMY949","Submitted","Sun Jan 01 20:23:27 PST 2023","Sun Jan 01 20:24:33 PST 2023","Wed Jan 04 20:24:33 PST 2023","","","","66","0% (0/0)","0% (0/0)","0% (0/0)","10","Task: How to Get Kids to Eat Healthy","19","https://mpp-ig.s3.us-west-1.amazonaws.com/exp/all_plan_grid/experiment_output/wikihow/u-plan/plan_grid_task_1_bridge.png","20","https://mpp-ig.s3.us-west-1.amazonaws.com/exp/all_plan_grid/experiment_output/wikihow/vgt-u-plan/plan_grid_task_1.png","false","false","true","false","false","true","false","true","false","false","true","false"
"3WYZV0QBFJ4AQBSWQX1X4I5JFJSXB0","3UMJP5XW5JYSCFJZKNHNNHQQ1FFUF1","Compare the quality of two sequences of steps to complete the plan in HouseHold Task and Recipe","Compare the quality of two sequences of steps to complete the plan that relates to household task and recipe","Informativeness, Text and Image, Planning, Task Completion","$0.10","Sun Jan 01 20:11:28 PST 2023","3","BatchId:4978433;OriginalHitTemplateId:928390905;","300","259200","Sun Jan 08 20:11:28 PST 2023","","","3U84XHCDID4IXR5V23KXH9BDY8S4ZM","AZ737VU2O528H","Submitted","Sun Jan 01 20:16:57 PST 2023","Sun Jan 01 20:17:29 PST 2023","Wed Jan 04 20:17:29 PST 2023","","","","32","0% (0/0)","0% (0/0)","0% (0/0)","10","Task: How to Get Kids to Eat Healthy","19","https://mpp-ig.s3.us-west-1.amazonaws.com/exp/all_plan_grid/experiment_output/wikihow/u-plan/plan_grid_task_1_bridge.png","20","https://mpp-ig.s3.us-west-1.amazonaws.com/exp/all_plan_grid/experiment_output/wikihow/vgt-u-plan/plan_grid_task_1.png","true","false","false","false","true","false","true","false","false","true","false","false"
"3YOAVL4CA08FA772C0FVTPFODRA4ZZ","3UMJP5XW5JYSCFJZKNHNNHQQ1FFUF1","Compare the quality of two sequences of steps to complete the plan in HouseHold Task and Recipe","Compare the quality of two sequences of steps to complete the plan that relates to household task and recipe","Informativeness, Text and Image, Planning, Task Completion","$0.10","Sun Jan 01 20:11:29 PST 2023","3","BatchId:4978433;OriginalHitTemplateId:928390905;","300","259200","Sun Jan 08 20:11:29 PST 2023","","","34QN5IT0T0IME7M7ACXISMOWIN6806","A1RP16513M4MXO","Submitted","Sun Jan 01 20:17:18 PST 2023","Sun Jan 01 20:18:02 PST 2023","Wed Jan 04 20:18:02 PST 2023","","","","44","0% (0/0)","0% (0/0)","0% (0/0)","21","Task: How to Cook Dungeness Crab","41","https://mpp-ig.s3.us-west-1.amazonaws.com/exp/all_plan_grid/experiment_output/wikihow/u-plan/plan_grid_task_4_bridge.png","42","https://mpp-ig.s3.us-west-1.amazonaws.com/exp/all_plan_grid/experiment_output/wikihow/u-plan/plan_grid_task_4_bridge.png","true","false","false","true","false","false","false","true","false","false","true","false"
"3YOAVL4CA08FA772C0FVTPFODRA4ZZ","3UMJP5XW5JYSCFJZKNHNNHQQ1FFUF1","Compare the quality of two sequences of steps to complete the plan in HouseHold Task and Recipe","Compare the quality of two sequences of steps to complete the plan that relates to household task and recipe","Informativeness, Text and Image, Planning, Task Completion","$0.10","Sun Jan 01 20:11:29 PST 2023","3","BatchId:4978433;OriginalHitTemplateId:928390905;","300","259200","Sun Jan 08 20:11:29 PST 2023","","","3XLBSAQ9Z53FGENE41I4KLVNPAJ7ZA","A3CIBLIXO17836","Submitted","Sun Jan 01 20:17:17 PST 2023","Sun Jan 01 20:17:55 PST 2023","Wed Jan 04 20:17:55 PST 2023","","","","38","100% (23/23)","100% (1/1)","0% (0/0)","21","Task: How to Cook Dungeness Crab","41","https://mpp-ig.s3.us-west-1.amazonaws.com/exp/all_plan_grid/experiment_output/wikihow/u-plan/plan_grid_task_4_bridge.png","42","https://mpp-ig.s3.us-west-1.amazonaws.com/exp/all_plan_grid/experiment_output/wikihow/u-plan/plan_grid_task_4_bridge.png","false","true","false","false","true","false","false","true","false","false","true","false"
"3YOAVL4CA08FA772C0FVTPFODRA4ZZ","3UMJP5XW5JYSCFJZKNHNNHQQ1FFUF1","Compare the quality of two sequences of steps to complete the plan in HouseHold Task and Recipe","Compare the quality of two sequences of steps to complete the plan that relates to household task and recipe","Informativeness, Text and Image, Planning, Task Completion","$0.10","Sun Jan 01 20:11:29 PST 2023","3","BatchId:4978433;OriginalHitTemplateId:928390905;","300","259200","Sun Jan 08 20:11:29 PST 2023","","","3ON104KXQLNE3W0QRG0QI5HVH6O4WW","A3RPU02JJC7SR3","Submitted","Sun Jan 01 20:11:38 PST 2023","Sun Jan 01 20:12:34 PST 2023","Wed Jan 04 20:12:34 PST 2023","","","","56","100% (3/3)","0% (0/0)","0% (0/0)","21","Task: How to Cook Dungeness Crab","41","https://mpp-ig.s3.us-west-1.amazonaws.com/exp/all_plan_grid/experiment_output/wikihow/u-plan/plan_grid_task_4_bridge.png","42","https://mpp-ig.s3.us-west-1.amazonaws.com/exp/all_plan_grid/experiment_output/wikihow/u-plan/plan_grid_task_4_bridge.png","false","false","true","false","false","false","false","true","false","false","true","false"
"3ZLW647WALM4M0LMNF1YW9DBEIF234","3UMJP5XW5JYSCFJZKNHNNHQQ1FFUF1","Compare the quality of two sequences of steps to complete the plan in HouseHold Task and Recipe","Compare the quality of two sequences of steps to complete the plan that relates to household task and recipe","Informativeness, Text and Image, Planning, Task Completion","$0.10","Sun Jan 01 20:11:29 PST 2023","3","BatchId:4978433;OriginalHitTemplateId:928390905;","300","259200","Sun Jan 08 20:11:29 PST 2023","","","34QN5IT0T0IME7M7ACXISMOWIN508X","A2C8IESKZ6MSNF","Submitted","Sun Jan 01 20:16:57 PST 2023","Sun Jan 01 20:18:28 PST 2023","Wed Jan 04 20:18:28 PST 2023","","","","91","0% (0/0)","0% (0/0)","0% (0/0)","16","Task: How to Cook White Cabbage","31","https://mpp-ig.s3.us-west-1.amazonaws.com/exp/all_plan_grid/experiment_output/wikihow/u-plan/plan_grid_task_3_bridge.png","32","https://mpp-ig.s3.us-west-1.amazonaws.com/exp/all_plan_grid/experiment_output/wikihow/u-plan/plan_grid_task_3_bridge.png","false","false","true","false","false","true","false","true","false","false","true","false"
"3ZLW647WALM4M0LMNF1YW9DBEIF234","3UMJP5XW5JYSCFJZKNHNNHQQ1FFUF1","Compare the quality of two sequences of steps to complete the plan in HouseHold Task and Recipe","Compare the quality of two sequences of steps to complete the plan that relates to household task and recipe","Informativeness, Text and Image, Planning, Task Completion","$0.10","Sun Jan 01 20:11:29 PST 2023","3","BatchId:4978433;OriginalHitTemplateId:928390905;","300","259200","Sun Jan 08 20:11:29 PST 2023","","","3TVSS0C0E2RYKHFG6H1YQDTNX56WTL","A2OHI6FWDK10B2","Submitted","Sun Jan 01 20:22:56 PST 2023","Sun Jan 01 20:25:07 PST 2023","Wed Jan 04 20:25:07 PST 2023","","","","131","0% (0/0)","0% (0/0)","0% (0/0)","16","Task: How to Cook White Cabbage","31","https://mpp-ig.s3.us-west-1.amazonaws.com/exp/all_plan_grid/experiment_output/wikihow/u-plan/plan_grid_task_3_bridge.png","32","https://mpp-ig.s3.us-west-1.amazonaws.com/exp/all_plan_grid/experiment_output/wikihow/u-plan/plan_grid_task_3_bridge.png","true","false","false","true","false","false","true","false","false","true","false","false"
"3ZLW647WALM4M0LMNF1YW9DBEIF234","3UMJP5XW5JYSCFJZKNHNNHQQ1FFUF1","Compare the quality of two sequences of steps to complete the plan in HouseHold Task and Recipe","Compare the quality of two sequences of steps to complete the plan that relates to household task and recipe","Informativeness, Text and Image, Planning, Task Completion","$0.10","Sun Jan 01 20:11:29 PST 2023","3","BatchId:4978433;OriginalHitTemplateId:928390905;","300","259200","Sun Jan 08 20:11:29 PST 2023","","","3VE8AYVF8NODBB1XDUG3VTB0OPUF8G","A3CFL2SZGWZL79","Submitted","Sun Jan 01 20:11:37 PST 2023","Sun Jan 01 20:12:52 PST 2023","Wed Jan 04 20:12:52 PST 2023","","","","75","0% (0/0)","0% (0/0)","0% (0/0)","16","Task: How to Cook White Cabbage","31","https://mpp-ig.s3.us-west-1.amazonaws.com/exp/all_plan_grid/experiment_output/wikihow/u-plan/plan_grid_task_3_bridge.png","32","https://mpp-ig.s3.us-west-1.amazonaws.com/exp/all_plan_grid/experiment_output/wikihow/u-plan/plan_grid_task_3_bridge.png","false","false","true","false","true","false","false","false","true","false","false","true"